SKU,Product Name,Branch,Qty,Value
EDW_CF5460,SET edel+white Care Forte & CS5460,TCC,1,550
EDW_CF5460,SET edel+white Care Forte & CS5460,TCC,1,550
EDW_CF5460,SET edel+white Care Forte & CS5460,TCC,1,550
EDW_CF5460,SET edel+white Care Forte & CS5460,TCC,1,550
EDW_CF5460,SET edel+white Care Forte & CS5460,MGB,2,1100
EDW_CF5460,SET edel+white Care Forte & CS5460,TCC,1,550
EDW_CF5460,SET edel+white Care Forte & CS5460,MGB,1,550
EDW_CF5460,SET edel+white Care Forte & CS5460,EMQ,1,550
EDW_CF5460,SET edel+white Care Forte & CS5460,MGB,1,550
EDW_CF5460,SET edel+white Care Forte & CS5460,EMQ,1,550
EDW_CF5460,SET edel+white Care Forte & CS5460,TCC,1,550
EDW_CF5460,SET edel+white Care Forte & CS5460,TCC,1,550
EDW_CF5460,SET edel+white Care Forte & CS5460,TCC,2,1100
EDW_CFUF,SET edel+white Care Forte & UltraSoft Flosserbrush,SAM,1,550
EDW_CFUF,SET edel+white Care Forte & UltraSoft Flosserbrush,TCC,1,550
EDW_CFUF,SET edel+white Care Forte & UltraSoft Flosserbrush,MGB,1,550
EDW_CFUF,SET edel+white Care Forte & UltraSoft Flosserbrush,ESV,2,1100
EDW_CFUF,SET edel+white Care Forte & UltraSoft Flosserbrush,TCC,1,550
EDW_CFUF,SET edel+white Care Forte & UltraSoft Flosserbrush,ESV,1,550
EDW_WH5460,SET edel+white Anti-Plaque + Whitening & CS5460,EMQ,1,550
EDW_WH5460,SET edel+white Anti-Plaque + Whitening & CS5460,TCC,1,550
EDW_WH5460,SET edel+white Anti-Plaque + Whitening & CS5460,TCC,2,1100
EDW_WH5460,SET edel+white Anti-Plaque + Whitening & CS5460,TCC,2,1100
EDW_WH5460,SET edel+white Anti-Plaque + Whitening & CS5460,RM9,1,550
EDW_WH5460,SET edel+white Anti-Plaque + Whitening & CS5460,TCC,1,550
EDW_WH5460,SET edel+white Anti-Plaque + Whitening & CS5460,TCC,1,550
EDW_WH5460,SET edel+white Anti-Plaque + Whitening & CS5460,MGB,1,550
EDW_WH5460,SET edel+white Anti-Plaque + Whitening & CS5460,MGB,1,550
EDW_WH5460,SET edel+white Anti-Plaque + Whitening & CS5460,MGB,1,550
EDW_WHUF,SET edel+white Anti-Plaque + Whitening & UltraSoft Flosserbrush,ESV,3,1650
EDW_WHUF,SET edel+white Anti-Plaque + Whitening & UltraSoft Flosserbrush,TCC,1,550
EDW_WHUF,SET edel+white Anti-Plaque + Whitening & UltraSoft Flosserbrush,SAM,1,550
EDW_WHUF,SET edel+white Anti-Plaque + Whitening & UltraSoft Flosserbrush,SAM,1,550
EDW_WHUF,SET edel+white Anti-Plaque + Whitening & UltraSoft Flosserbrush,MGB,1,550
EDW_WHUF,SET edel+white Anti-Plaque + Whitening & UltraSoft Flosserbrush,ESV,1,550
EDW_WHUF,SET edel+white Anti-Plaque + Whitening & UltraSoft Flosserbrush,ESV,1,550
EDW_WHUF,SET edel+white Anti-Plaque + Whitening & UltraSoft Flosserbrush,ESV,1,550
EDW_WHUF,SET edel+white Anti-Plaque + Whitening & UltraSoft Flosserbrush,ESV,2,1100
EW-BPM50,edel+white Pick Stick M (50 pcs),MGB,1,199
EW-BPM50,edel+white Pick Stick M (50 pcs),EMB,1,199
EW-BPM50,edel+white Pick Stick M (50 pcs),EMB,2,398
EW-BPM50,edel+white Pick Stick M (50 pcs),ESV,1,189.05
EW-BPS50,edel+white Pick Stick S (50 pcs),MGB,1,199
EW-BPS50,edel+white Pick Stick S (50 pcs),MGB,1,199
EW-BPS50,edel+white Pick Stick S (50 pcs),MGB,1,199
EW-BPS50,edel+white Pick Stick S (50 pcs),MGB,1,199
EW-BPS50,edel+white Pick Stick S (50 pcs),MGB,1,199
EW-BPS50,edel+white Pick Stick S (50 pcs),MGB,4,796
EW-BPS50,edel+white Pick Stick S (50 pcs),EMB,1,199
EW-BPS50,edel+white Pick Stick S (50 pcs),MGB,1,189.05
EW-BPS50,edel+white Pick Stick S (50 pcs),EMB,1,199
EW-BPS50,edel+white Pick Stick S (50 pcs),RM9,1,189.05
EW-BPS50,edel+white Pick Stick S (50 pcs),SAM,1,199
EW-CC,edel+white CleanCurl 3D,LINE,2,550
EW-CC,edel+white CleanCurl 3D,EW Official,1,275
EW-CC,edel+white CleanCurl 3D,SAM,2,522.5
EW-CC,edel+white CleanCurl 3D,SAM,1,261.25
EW-CC,edel+white CleanCurl 3D,ESV,1,275
EW-CC,edel+white CleanCurl 3D,EW Official,4,1100
EW-CC,edel+white CleanCurl 3D,MGB,1,275
EW-CC,edel+white CleanCurl 3D,MGB,1,275
EW-CC,edel+white CleanCurl 3D,TCC,2,550
EW-CC,edel+white CleanCurl 3D,EW Official,1,275
EW-CC,edel+white CleanCurl 3D,SAM,1,275
EW-CC,edel+white CleanCurl 3D,ESV,2,522.5
EW-CC,edel+white CleanCurl 3D,EMB,2,550
EW-CC,edel+white CleanCurl 3D,MGB,1,261.25
EW-CC,edel+white CleanCurl 3D,RM9,3,756.25
EW-CC,edel+white CleanCurl 3D,RM9,1,261.25
EW-CC,edel+white CleanCurl 3D,MGB,1,247.5
EW-CC,edel+white CleanCurl 3D,EW Official,1,275
EW-CC,edel+white CleanCurl 3D,MGB,1,275
EW-CC,edel+white CleanCurl 3D,ESV,2,550
EW-CC,edel+white CleanCurl 3D,SAM,2,550
EW-CC,edel+white CleanCurl 3D,ESV,1,261.25
EW-CC,edel+white CleanCurl 3D,MGB,2,550
EW-CC,edel+white CleanCurl 3D,ESV,1,275
EW-CC,edel+white CleanCurl 3D,ESV,2,550
EW-CC,edel+white CleanCurl 3D,MGB,1,275
EW-CC,edel+white CleanCurl 3D,TCC,1,275
EW-CC,edel+white CleanCurl 3D,ESV,1,275
EW-CC,edel+white CleanCurl 3D,EW Official,1,275
EW-CC,edel+white CleanCurl 3D,SAM,1,275
EW-CC,edel+white CleanCurl 3D,SAM,1,261.25
EW-CC,edel+white CleanCurl 3D,TCC,1,275
EW-PL5,edel+white Easy Tape (Mint) 5 m.,ESV,2,40
EW-PL5,edel+white Easy Tape (Mint) 5 m.,EMQ,1,40
EW-PL5,edel+white Easy Tape (Mint) 5 m.,EMB,1,40
EW-PL5,edel+white Easy Tape (Mint) 5 m.,RM9,1,36
EW-PL5,edel+white Easy Tape (Mint) 5 m.,TCC,1,40
EW-PL5,edel+white Easy Tape (Mint) 5 m.,EMQ,1,38.13
EW-PL5,edel+white Easy Tape (Mint) 5 m.,ESV,1,0
EW-PL5,edel+white Easy Tape (Mint) 5 m.,EMB,7,0
EW-PL5,edel+white Easy Tape (Mint) 5 m.,EMQ,1,38
EW-PL5,edel+white Easy Tape (Mint) 5 m.,RM9,1,38
EW-SG8PLUS,edel+white Sonic Generation 8+,MGB,1,5950
EW-SG8PLUS,edel+white Sonic Generation 8+,EMB,1,5950
EW-SG8PLUS,edel+white Sonic Generation 8+,EMB,1,5950
EW-SG8PLUS,edel+white Sonic Generation 8+,ESV,1,5950
EW-SG8PLUS,edel+white Sonic Generation 8+,EMQ,1,5950
EW-SG8PLUS,edel+white Sonic Generation 8+,Shopee,1,5950
EW-SG8PLUS,edel+white Sonic Generation 8+,ฝ่ายขาย,9,53550
EW-SG8PLUS,edel+white Sonic Generation 8+,EMB,1,5950
EW-SG8PLUS,edel+white Sonic Generation 8+,EMB,1,5950
EW-SG8PLUS,edel+white Sonic Generation 8+,MGB,1,5950
EW-SG8PLUS,edel+white Sonic Generation 8+,MGB,1,5950
EW-SG8PLUS,edel+white Sonic Generation 8+,EMB,1,5950
EW-WF40,edel+white Woven Floss | Cinnamon Mint,EMQ,2,398
EW-WF40,edel+white Woven Floss | Cinnamon Mint,LINE,3,597
EW-WF40,edel+white Woven Floss | Cinnamon Mint,EMQ,1,199
EW-WF40,edel+white Woven Floss | Cinnamon Mint,MGB,1,199
EW-WF40,edel+white Woven Floss | Cinnamon Mint,EW Official,1,199
EW-WF40,edel+white Woven Floss | Cinnamon Mint,Lazada,5,995
EW-WF40,edel+white Woven Floss | Cinnamon Mint,MGB,1,189.05
EW-WF40,edel+white Woven Floss | Cinnamon Mint,RM9,1,179.1
EW-WF40,edel+white Woven Floss | Cinnamon Mint,EMB,1,199
EW-WF40,edel+white Woven Floss | Cinnamon Mint,Lazada,1,199
EW-WF40,edel+white Woven Floss | Cinnamon Mint,MGB,1,199
EW-WF40,edel+white Woven Floss | Cinnamon Mint,RM9,1,199
EW-WF40,edel+white Woven Floss | Cinnamon Mint,TCC,1,199
EW-WF40,edel+white Woven Floss | Cinnamon Mint,EMQ,1,199
EW-WF40,edel+white Woven Floss | Cinnamon Mint,EMQ,1,189.05
EW-WF40,edel+white Woven Floss | Cinnamon Mint,Lazada,2,398
EW-WF40,edel+white Woven Floss | Cinnamon Mint,MGB,1,179.1
EW-WF40,edel+white Woven Floss | Cinnamon Mint,EMB,1,199
EW-WF40,edel+white Woven Floss | Cinnamon Mint,EMQ,1,179.1
EW-WF40,edel+white Woven Floss | Cinnamon Mint,MGB,2,398
EW-WF40,edel+white Woven Floss | Cinnamon Mint,EMB,1,199
EW-WF40,edel+white Woven Floss | Cinnamon Mint,SAM,1,189.05
EW-WF40,edel+white Woven Floss | Cinnamon Mint,ESV,1,199
EW-WF40,edel+white Woven Floss | Cinnamon Mint,MGB,1,199
EW-WF40,edel+white Woven Floss | Cinnamon Mint,EW Official,1,199
EW-WF40,edel+white Woven Floss | Cinnamon Mint,SAM,1,199
EW-WF40,edel+white Woven Floss | Cinnamon Mint,TCC,1,189.05
EW-WF40,edel+white Woven Floss | Cinnamon Mint,EW Official,1,199
EW-WF40,edel+white Woven Floss | Cinnamon Mint,SAM,2,398
EW-WF40,edel+white Woven Floss | Cinnamon Mint,ESV,2,398
EW-WF40,edel+white Woven Floss | Cinnamon Mint,EW Official,1,199
EW-WF40,edel+white Woven Floss | Cinnamon Mint,MGB,1,199
EW-WF40,edel+white Woven Floss | Cinnamon Mint,EMQ,1,199
EW-WF40,edel+white Woven Floss | Cinnamon Mint,ESV,1,199
EW-WF40,edel+white Woven Floss | Cinnamon Mint,EW Official,1,199
EW-WF40,edel+white Woven Floss | Cinnamon Mint,RM9,2,378.1
EW-WF40,edel+white Woven Floss | Cinnamon Mint,TCC,1,199
EW-WF40,edel+white Woven Floss | Cinnamon Mint,EMB,2,358.2
EW-WF40,edel+white Woven Floss | Cinnamon Mint,ESV,1,199
EW-WF40,edel+white Woven Floss | Cinnamon Mint,Shopee,1,199
EW-WF40,edel+white Woven Floss | Cinnamon Mint,TCC,1,199
EW-WF40,edel+white Woven Floss | Cinnamon Mint,EMQ,1,189.05
EW-WF40,edel+white Woven Floss | Cinnamon Mint,SAM,1,199
EW-WF40,edel+white Woven Floss | Cinnamon Mint,Shopee,1,199
EW-WF40,edel+white Woven Floss | Cinnamon Mint,EMB,1,199
EW-WF40,edel+white Woven Floss | Cinnamon Mint,Lazada,1,199
EW-WF40,edel+white Woven Floss | Cinnamon Mint,EMB,1,199
EW-WF40,edel+white Woven Floss | Cinnamon Mint,Shopee,1,199
EW-WF40,edel+white Woven Floss | Cinnamon Mint,EMQ,2,398
EW-WF40,edel+white Woven Floss | Cinnamon Mint,MGB,1,199
EW-WF40,edel+white Woven Floss | Cinnamon Mint,EW Official,1,199
EW-WF40,edel+white Woven Floss | Cinnamon Mint,MGB,1,189.05
EW-WF40,edel+white Woven Floss | Cinnamon Mint,EMB,1,199
EW-WF40,edel+white Woven Floss | Cinnamon Mint,EW Official,1,199
EW-WF40,edel+white Woven Floss | Cinnamon Mint,MGB,4,766.15
EW-WF40,edel+white Woven Floss | Cinnamon Mint,EW Official,3,597
EW-WF40,edel+white Woven Floss | Cinnamon Mint,LINE,1,199
EW-WF40,edel+white Woven Floss | Cinnamon Mint,MGB,1,189.05
EW-WF40,edel+white Woven Floss | Cinnamon Mint,RM9,1,199
EW-WF40,edel+white Woven Floss | Cinnamon Mint,EMQ,1,199
EW-WF40,edel+white Woven Floss | Cinnamon Mint,LINE MyShop,2,398
EW-WJR2,edel+white FlosserPik Replacement,EMB,1,531
PEW-US-Duo,edel+white UltraSoft Flosserbrush Duo,LINE,1,0
PEW-US-Duo,edel+white UltraSoft Flosserbrush Duo,LINE,1,0
PEW-US-Duo,edel+white UltraSoft Flosserbrush Duo,LINE,1,0
PEW-US-Duo,edel+white UltraSoft Flosserbrush Duo,LINE,1,0
PEW-WJ180,edel+white FlosserPik,EMQ,1,3850
PEW-WJ180,edel+white FlosserPik,EMB,1,3850
PEW-WJ180,edel+white FlosserPik,RM9,2,7700
PEW-WJ180,edel+white FlosserPik,MGB,1,3850
PEW-WJ180,edel+white FlosserPik,EMB,3,11550
PEW-WJ180,edel+white FlosserPik,EMQ,1,3850
PEW-WJ180,edel+white FlosserPik,EMB,1,3850
PEW-WJ180,edel+white FlosserPik,EMB,1,3850
PEW-WJ180,edel+white FlosserPik,EMQ,1,3850
PEW-WJ180,edel+white FlosserPik,EMB,1,3850
PEW-WJ180,edel+white FlosserPik,EMB,1,3850
PEW-WJ180,edel+white FlosserPik,EMB,1,3850
PEW-WJ180,edel+white FlosserPik,EMB,1,3850
PEW-WJ180,edel+white FlosserPik,Shopee,1,3850
PEW-WJ180,edel+white FlosserPik,EMB,2,7700
PEW-WJ180,edel+white FlosserPik,EW Official,1,3850
PEW-WJ180,edel+white FlosserPik,RM9,1,3850
PEW-WJ180,edel+white FlosserPik,EMQ,1,3850
PEW-WJ180,edel+white FlosserPik,ESV,1,3850
PEW-WJ180,edel+white FlosserPik,ESV,1,3850
PEW-WJ180,edel+white FlosserPik,LINE,1,3850
PEW-WJ180,edel+white FlosserPik,SAM,1,3850
P_EW-FT70,edel+white Easy Tape (Mint),EMQ,1,199
P_EW-FT70,edel+white Easy Tape (Mint),ESV,1,179.1
P_EW-FT70,edel+white Easy Tape (Mint),LINE,1,199
P_EW-FT70,edel+white Easy Tape (Mint),EW Official,3,597
P_EW-FT70,edel+white Easy Tape (Mint),MGB,1,189.05
P_EW-FT70,edel+white Easy Tape (Mint),SAM,1,199
P_EW-FT70,edel+white Easy Tape (Mint),EMB,1,199
P_EW-FT70,edel+white Easy Tape (Mint),EW Official,1,199
P_EW-FT70,edel+white Easy Tape (Mint),MGB,1,189.05
P_EW-FT70,edel+white Easy Tape (Mint),SAM,1,199
P_EW-FT70,edel+white Easy Tape (Mint),Shopee,1,199
P_EW-FT70,edel+white Easy Tape (Mint),EMQ,1,179.1
P_EW-FT70,edel+white Easy Tape (Mint),LINE,1,199
P_EW-FT70,edel+white Easy Tape (Mint),LINE MyShop,1,199
P_EW-FT70,edel+white Easy Tape (Mint),EMQ,1,189.05
P_EW-FT70,edel+white Easy Tape (Mint),TCC,1,189.05
P_EW-FT70,edel+white Easy Tape (Mint),MGB,2,378.1
P_EW-FT70,edel+white Easy Tape (Mint),ESV,1,199
P_EW-FT70,edel+white Easy Tape (Mint),RM9,1,189.05
P_EW-FT70,edel+white Easy Tape (Mint),TCC,2,398
P_EW-FT70,edel+white Easy Tape (Mint),RM9,1,199
P_EW-FT70,edel+white Easy Tape (Mint),Shopee,1,199
P_EW-FT70,edel+white Easy Tape (Mint),TCC,1,199
P_EW-FT70,edel+white Easy Tape (Mint),EMQ,1,199
P_EW-FT70,edel+white Easy Tape (Mint),Lazada,1,199
P_EW-FT70,edel+white Easy Tape (Mint),MGB,1,199
P_EW-FT70,edel+white Easy Tape (Mint),Lazada,1,199
P_EW-FT70,edel+white Easy Tape (Mint),EMB,1,199
P_EW-FT70,edel+white Easy Tape (Mint),Lazada,1,199
P_EW-FT70,edel+white Easy Tape (Mint),SAM,2,398
P_EW-FT70,edel+white Easy Tape (Mint),Shopee,1,199
P_EW-FT70,edel+white Easy Tape (Mint),EMQ,2,398
P_EW-FT70,edel+white Easy Tape (Mint),EW Official,1,199
P_EW-FT70,edel+white Easy Tape (Mint),Lazada,1,199
P_EW-FT70,edel+white Easy Tape (Mint),EMQ,1,199
P_EW-FT70,edel+white Easy Tape (Mint),EW Official,1,199
P_EW-FTGR,edel+white Easy Tape (Caipirinha),MGB,1,199
P_EW-FTGR,edel+white Easy Tape (Caipirinha),EW Official,1,199
P_EW-FTGR,edel+white Easy Tape (Caipirinha),EW Official,2,398
P_EW-FTGR,edel+white Easy Tape (Caipirinha),LINE,2,368
P_EW-FTGR,edel+white Easy Tape (Caipirinha),MGB,1,189.05
P_EW-FTGR,edel+white Easy Tape (Caipirinha),RM9,1,179.1
P_EW-FTGR,edel+white Easy Tape (Caipirinha),EMB,1,199
P_EW-FTGR,edel+white Easy Tape (Caipirinha),SAM,2,398
P_EW-FTGR,edel+white Easy Tape (Caipirinha),Lazada,1,199
P_EW-FTGR,edel+white Easy Tape (Caipirinha),SAM,1,189.05
P_EW-FTGR,edel+white Easy Tape (Caipirinha),EMQ,1,199
P_EW-FTGR,edel+white Easy Tape (Caipirinha),EMQ,1,189.05
P_EW-FTGR,edel+white Easy Tape (Caipirinha),MGB,1,199
P_EW-FTGR,edel+white Easy Tape (Caipirinha),TCC,1,189.05
P_EW-FTGR,edel+white Easy Tape (Caipirinha),SAM,1,199
P_EW-FTGR,edel+white Easy Tape (Caipirinha),MGB,1,189.05
P_EW-FTGR,edel+white Easy Tape (Caipirinha),SAM,1,199
P_EW-FTGR,edel+white Easy Tape (Caipirinha),EW Official,6,1194
P_EW-FTGR,edel+white Easy Tape (Caipirinha),TCC,1,199
P_EW-FTGR,edel+white Easy Tape (Caipirinha),EMB,1,199
P_EW-FTGR,edel+white Easy Tape (Caipirinha),Shopee,1,199
P_EW-FTGR,edel+white Easy Tape (Caipirinha),MGB,1,199
P_EW-FTGR,edel+white Easy Tape (Caipirinha),EMB,1,199
P_EW-FTGR,edel+white Easy Tape (Caipirinha),EW Official,1,199
P_EW-FTGR,edel+white Easy Tape (Caipirinha),EMB,1,199
P_EW-FTGR,edel+white Easy Tape (Caipirinha),EW Official,1,199
P_EW-FTGR,edel+white Easy Tape (Caipirinha),Lazada,1,199
P_EW-FTGR,edel+white Easy Tape (Caipirinha),LINE,1,0
P_EW-FTGR,edel+white Easy Tape (Caipirinha),Shopee,1,199
P_EW-GUM75,edel+white Care Forte 75 ml.,EMB,2,780
P_EW-GUM75,edel+white Care Forte 75 ml.,EMQ,1,370.5
P_EW-GUM75,edel+white Care Forte 75 ml.,EW Official,1,390
P_EW-GUM75,edel+white Care Forte 75 ml.,LINE,4,1560
P_EW-GUM75,edel+white Care Forte 75 ml.,EMB,1,390
P_EW-GUM75,edel+white Care Forte 75 ml.,ESV,2,780
P_EW-GUM75,edel+white Care Forte 75 ml.,LINE,1,390
P_EW-GUM75,edel+white Care Forte 75 ml.,Shopee,1,378
P_EW-GUM75,edel+white Care Forte 75 ml.,EW Official,1,390
P_EW-GUM75,edel+white Care Forte 75 ml.,EMB,2,780
P_EW-GUM75,edel+white Care Forte 75 ml.,EW Official,2,780
P_EW-GUM75,edel+white Care Forte 75 ml.,MGB,1,390
P_EW-GUM75,edel+white Care Forte 75 ml.,EMB,3,1131
P_EW-GUM75,edel+white Care Forte 75 ml.,ESV,1,390
P_EW-GUM75,edel+white Care Forte 75 ml.,LINE MyShop,2,780
P_EW-GUM75,edel+white Care Forte 75 ml.,Shopee,1,374
P_EW-GUM75,edel+white Care Forte 75 ml.,EMB,5,1950
P_EW-GUM75,edel+white Care Forte 75 ml.,RM9,1,370.5
P_EW-GUM75,edel+white Care Forte 75 ml.,EMQ,1,370.5
P_EW-GUM75,edel+white Care Forte 75 ml.,LINE,1,390
P_EW-GUM75,edel+white Care Forte 75 ml.,LINE MyShop,2,780
P_EW-GUM75,edel+white Care Forte 75 ml.,MGB,3,1131
P_EW-GUM75,edel+white Care Forte 75 ml.,TCC,2,780
P_EW-GUM75,edel+white Care Forte 75 ml.,EMB,1,390
P_EW-GUM75,edel+white Care Forte 75 ml.,EMQ,1,390
P_EW-GUM75,edel+white Care Forte 75 ml.,RM9,1,370.5
P_EW-GUM75,edel+white Care Forte 75 ml.,TCC,3,1170
P_EW-GUM75,edel+white Care Forte 75 ml.,EMB,1,370.5
P_EW-GUM75,edel+white Care Forte 75 ml.,Lazada,1,390
P_EW-GUM75,edel+white Care Forte 75 ml.,EMB,3,1150.5
P_EW-GUM75,edel+white Care Forte 75 ml.,ESV,2,741
P_EW-GUM75,edel+white Care Forte 75 ml.,EMB,1,370.5
P_EW-GUM75,edel+white Care Forte 75 ml.,EMQ,1,370.5
P_EW-GUM75,edel+white Care Forte 75 ml.,MGB,1,390
P_EW-GUM75,edel+white Care Forte 75 ml.,Shopee,2,740
P_EW-GUM75,edel+white Care Forte 75 ml.,EMB,1,351
P_EW-GUM75,edel+white Care Forte 75 ml.,LINE MyShop,1,390
P_EW-GUM75,edel+white Care Forte 75 ml.,MGB,1,390
P_EW-GUM75,edel+white Care Forte 75 ml.,EMQ,1,390
P_EW-GUM75,edel+white Care Forte 75 ml.,SAM,1,390
P_EW-GUM75,edel+white Care Forte 75 ml.,EMB,2,780
P_EW-GUM75,edel+white Care Forte 75 ml.,EMB,2,780
P_EW-GUM75,edel+white Care Forte 75 ml.,LINE,3,1170
P_EW-GUM75,edel+white Care Forte 75 ml.,LINE MyShop,1,390
P_EW-GUM75,edel+white Care Forte 75 ml.,EMB,2,780
P_EW-GUM75,edel+white Care Forte 75 ml.,EW Official,2,780
P_EW-GUM75,edel+white Care Forte 75 ml.,ESV,1,370.5
P_EW-GUM75,edel+white Care Forte 75 ml.,EMB,1,390
P_EW-GUM75,edel+white Care Forte 75 ml.,EW Official,1,390
P_EW-GUM75,edel+white Care Forte 75 ml.,MGB,1,390
P_EW-GUM75,edel+white Care Forte 75 ml.,Shopee,2,780
P_EW-GUM75,edel+white Care Forte 75 ml.,ESV,1,351
P_EW-GUM75,edel+white Care Forte 75 ml.,Lazada,1,390
P_EW-GUM75,edel+white Care Forte 75 ml.,MGB,3,1170
P_EW-GUM75,edel+white Care Forte 75 ml.,TCC,2,780
P_EW-GUM75,edel+white Care Forte 75 ml.,EMQ,4,1560
P_EW-GUM75,edel+white Care Forte 75 ml.,EMB,2,780
P_EW-GUM75,edel+white Care Forte 75 ml.,LINE,1,390
P_EW-GUM75,edel+white Care Forte 75 ml.,RM9,1,390
P_EW-GUM75,edel+white Care Forte 75 ml.,Shopee,2,780
P_EW-GUM75,edel+white Care Forte 75 ml.,EMB,2,780
P_EW-GUM75,edel+white Care Forte 75 ml.,ESV,2,741
P_EW-GUM75,edel+white Care Forte 75 ml.,LINE,1,0
P_EW-INT,edel+white Intensive Flosserbrush,EMB,2,440
P_EW-INT,edel+white Intensive Flosserbrush,ESV,1,220
P_EW-INT,edel+white Intensive Flosserbrush,EW Official,1,220
P_EW-INT,edel+white Intensive Flosserbrush,LINE,1,0
P_EW-INT,edel+white Intensive Flosserbrush,MGB,2,440
P_EW-INT,edel+white Intensive Flosserbrush,TCC,6,429
P_EW-INT,edel+white Intensive Flosserbrush,EMB,2,440
P_EW-INT,edel+white Intensive Flosserbrush,EMQ,3,660
P_EW-INT,edel+white Intensive Flosserbrush,EW Official,1,220
P_EW-INT,edel+white Intensive Flosserbrush,Lazada,1,220
P_EW-INT,edel+white Intensive Flosserbrush,MGB,1,220
P_EW-INT,edel+white Intensive Flosserbrush,SAM,1,209
P_EW-INT,edel+white Intensive Flosserbrush,TCC,1,220
P_EW-INT,edel+white Intensive Flosserbrush,ESV,1,209
P_EW-INT,edel+white Intensive Flosserbrush,LINE,4,880
P_EW-INT,edel+white Intensive Flosserbrush,RM9,1,220
P_EW-INT,edel+white Intensive Flosserbrush,SAM,2,429
P_EW-INT,edel+white Intensive Flosserbrush,TCC,2,440
P_EW-INT,edel+white Intensive Flosserbrush,EMQ,1,220
P_EW-INT,edel+white Intensive Flosserbrush,EW Official,2,440
P_EW-INT,edel+white Intensive Flosserbrush,LINE,13,2395
P_EW-INT,edel+white Intensive Flosserbrush,MGB,4,869
P_EW-INT,edel+white Intensive Flosserbrush,Shopee,2,422
P_EW-INT,edel+white Intensive Flosserbrush,EMQ,2,440
P_EW-INT,edel+white Intensive Flosserbrush,LINE,4,880
P_EW-INT,edel+white Intensive Flosserbrush,Lazada,2,440
P_EW-INT,edel+white Intensive Flosserbrush,MGB,5,1100
P_EW-INT,edel+white Intensive Flosserbrush,EMB,1,220
P_EW-INT,edel+white Intensive Flosserbrush,ESV,2,220
P_EW-INT,edel+white Intensive Flosserbrush,RM9,2,440
P_EW-INT,edel+white Intensive Flosserbrush,TCC,2,220
P_EW-INT,edel+white Intensive Flosserbrush,EMB,2,0
P_EW-INT,edel+white Intensive Flosserbrush,EMQ,1,220
P_EW-INT,edel+white Intensive Flosserbrush,ESV,3,418
P_EW-INT,edel+white Intensive Flosserbrush,EMQ,1,0
P_EW-INT,edel+white Intensive Flosserbrush,Shopee,1,213
P_EW-INT,edel+white Intensive Flosserbrush,EMQ,3,660
P_EW-INT,edel+white Intensive Flosserbrush,ESV,1,220
P_EW-INT,edel+white Intensive Flosserbrush,LINE,1,220
P_EW-INT,edel+white Intensive Flosserbrush,TCC,2,440
P_EW-INT,edel+white Intensive Flosserbrush,LINE,2,440
P_EW-INT,edel+white Intensive Flosserbrush,TCC,1,0
P_EW-INT,edel+white Intensive Flosserbrush,EMB,7,1540
P_EW-INT,edel+white Intensive Flosserbrush,ESV,1,220
P_EW-INT,edel+white Intensive Flosserbrush,MGB,3,649
P_EW-INT,edel+white Intensive Flosserbrush,TCC,4,649
P_EW-INT,edel+white Intensive Flosserbrush,EMB,5,1089
P_EW-INT,edel+white Intensive Flosserbrush,MGB,4,660
P_EW-INT,edel+white Intensive Flosserbrush,TCC,2,440
P_EW-INT,edel+white Intensive Flosserbrush,EMB,5,1100
P_EW-INT,edel+white Intensive Flosserbrush,ESV,1,220
P_EW-INT,edel+white Intensive Flosserbrush,MGB,10,660
P_EW-INT,edel+white Intensive Flosserbrush,EMB,1,220
P_EW-INT,edel+white Intensive Flosserbrush,EMQ,2,418
P_EW-INT,edel+white Intensive Flosserbrush,ESV,1,220
P_EW-INT,edel+white Intensive Flosserbrush,MGB,4,880
P_EW-INT,edel+white Intensive Flosserbrush,SAM,1,220
P_EW-INT,edel+white Intensive Flosserbrush,EMB,1,0
P_EW-INT,edel+white Intensive Flosserbrush,EW Official,2,440
P_EW-INT,edel+white Intensive Flosserbrush,MGB,7,869
P_EW-INT,edel+white Intensive Flosserbrush,TCC,1,220
P_EW-INT,edel+white Intensive Flosserbrush,ESV,4,858
P_EW-INT,edel+white Intensive Flosserbrush,EW Official,2,440
P_EW-INT,edel+white Intensive Flosserbrush,MGB,9,869
P_EW-INT,edel+white Intensive Flosserbrush,EMB,1,209
P_EW-INT,edel+white Intensive Flosserbrush,EMQ,3,660
P_EW-INT,edel+white Intensive Flosserbrush,Lazada,1,220
P_EW-INT,edel+white Intensive Flosserbrush,MGB,1,209
P_EW-INT,edel+white Intensive Flosserbrush,EMB,3,638
P_EW-INT,edel+white Intensive Flosserbrush,EMQ,4,880
P_EW-INT,edel+white Intensive Flosserbrush,Lazada,1,220
P_EW-INT,edel+white Intensive Flosserbrush,SAM,1,220
P_EW-INT,edel+white Intensive Flosserbrush,TCC,1,220
P_EW-INT,edel+white Intensive Flosserbrush,EMQ,1,220
P_EW-INT,edel+white Intensive Flosserbrush,ESV,1,209
P_EW-INT,edel+white Intensive Flosserbrush,MGB,2,440
P_EW-INT,edel+white Intensive Flosserbrush,Shopee,1,220
P_EW-INT,edel+white Intensive Flosserbrush,TCC,7,440
P_EW-INT,edel+white Intensive Flosserbrush,EMB,3,660
P_EW-INT,edel+white Intensive Flosserbrush,ESV,1,220
P_EW-INT,edel+white Intensive Flosserbrush,MGB,4,649
P_EW-INT,edel+white Intensive Flosserbrush,EMB,6,1254
P_EW-INT,edel+white Intensive Flosserbrush,EMQ,2,440
P_EW-INT,edel+white Intensive Flosserbrush,MGB,2,220
P_EW-INT,edel+white Intensive Flosserbrush,EMB,7,1540
P_EW-INT,edel+white Intensive Flosserbrush,EMQ,4,880
P_EW-INT,edel+white Intensive Flosserbrush,EW Official,1,220
P_EW-INT,edel+white Intensive Flosserbrush,RM9,1,209
P_EW-INT,edel+white Intensive Flosserbrush,Shopee,2,440
P_EW-INT,edel+white Intensive Flosserbrush,TCC,1,220
P_EW-INT,edel+white Intensive Flosserbrush,EMB,2,0
P_EW-INT,edel+white Intensive Flosserbrush,ESV,1,209
P_EW-INT,edel+white Intensive Flosserbrush,MGB,1,220
P_EW-INT,edel+white Intensive Flosserbrush,EMQ,4,627
P_EW-INT,edel+white Intensive Flosserbrush,Lazada,1,220
P_EW-INT,edel+white Intensive Flosserbrush,MGB,4,660
P_EW-INT,edel+white Intensive Flosserbrush,RM9,1,220
P_EW-INT,edel+white Intensive Flosserbrush,SAM,1,220
P_EW-INT,edel+white Intensive Flosserbrush,EMB,3,660
P_EW-INT,edel+white Intensive Flosserbrush,EMQ,1,209
P_EW-INT,edel+white Intensive Flosserbrush,EW Official,5,1100
P_EW-INT,edel+white Intensive Flosserbrush,MGB,6,1320
P_EW-INT,edel+white Intensive Flosserbrush,Shopee,4,880
P_EW-INT,edel+white Intensive Flosserbrush,TCC,1,220
P_EW-INT,edel+white Intensive Flosserbrush,EMB,3,660
P_EW-INT,edel+white Intensive Flosserbrush,EMQ,2,418
P_EW-INT,edel+white Intensive Flosserbrush,MGB,6,209
P_EW-INT,edel+white Intensive Flosserbrush,SAM,1,209
P_EW-INT,edel+white Intensive Flosserbrush,Shopee,3,660
P_EW-INT,edel+white Intensive Flosserbrush,TCC,1,220
P_EW-INT,edel+white Intensive Flosserbrush,EMB,10,2200
P_EW-INT,edel+white Intensive Flosserbrush,EMQ,4,660
P_EW-INT,edel+white Intensive Flosserbrush,ESV,4,847
P_EW-INT,edel+white Intensive Flosserbrush,EW Official,1,220
P_EW-INT,edel+white Intensive Flosserbrush,MGB,5,1100
P_EW-INT,edel+white Intensive Flosserbrush,SAM,1,220
P_EW-INT,edel+white Intensive Flosserbrush,TCC,2,220
P_EW-INT,edel+white Intensive Flosserbrush,EMB,6,1320
P_EW-INT,edel+white Intensive Flosserbrush,LINE,1,220
P_EW-INT,edel+white Intensive Flosserbrush,MGB,1,0
P_EW-INT,edel+white Intensive Flosserbrush,SAM,1,220
P_EW-INT,edel+white Intensive Flosserbrush,Shopee,1,220
P_EW-INT,edel+white Intensive Flosserbrush,TCC,1,220
P_EW-INT,edel+white Intensive Flosserbrush,EMB,1,220
P_EW-INT,edel+white Intensive Flosserbrush,ESV,1,220
P_EW-INT,edel+white Intensive Flosserbrush,MGB,2,209
P_EW-INT,edel+white Intensive Flosserbrush,RM9,1,220
P_EW-INT,edel+white Intensive Flosserbrush,LINE,1,0
P_EW-INT,edel+white Intensive Flosserbrush,TCC,2,0
P_EW-PO,edel+white Pro-Ortho,RM9,1,225
P_EW-PO,edel+white Pro-Ortho,SAM,1,213.75
P_EW-PO,edel+white Pro-Ortho,MGB,2,450
P_EW-PO,edel+white Pro-Ortho,MGB,1,213.75
P_EW-PO,edel+white Pro-Ortho,MGB,1,225
P_EW-PO,edel+white Pro-Ortho,RM9,1,213.75
P_EW-PO,edel+white Pro-Ortho,MGB,1,225
P_EW-PO,edel+white Pro-Ortho,EMQ,1,225
P_EW-PO,edel+white Pro-Ortho,SAM,1,225
P_EW-PO,edel+white Pro-Ortho,ESV,1,225
P_EW-PO,edel+white Pro-Ortho,EMB,2,450
P_EW-PO,edel+white Pro-Ortho,RM9,1,225
P_EW-PO,edel+white Pro-Ortho,MGB,1,225
P_EW-PO,edel+white Pro-Ortho,MGB,2,427.5
P_EW-PO,edel+white Pro-Ortho,EW Official,2,450
P_EW-PO,edel+white Pro-Ortho,MGB,1,225
P_EW-PO,edel+white Pro-Ortho,EMB,2,450
P_EW-PO,edel+white Pro-Ortho,Shopee,1,225
P_EW-PO,edel+white Pro-Ortho,EW Official,1,225
P_EW-PO,edel+white Pro-Ortho,LINE,1,225
P_EW-PO,edel+white Pro-Ortho,MGB,1,225
P_EW-PO,edel+white Pro-Ortho,EMB,2,405
P_EW-PO,edel+white Pro-Ortho,LINE,4,900
P_EW-PO,edel+white Pro-Ortho,EMB,1,225
P_EW-PO,edel+white Pro-Ortho,EW Official,2,450
P_EW-PO,edel+white Pro-Ortho,SAM,1,213.75
P_EW-PO,edel+white Pro-Ortho,MGB,1,225
P_EW-PO,edel+white Pro-Ortho,SAM,1,213.75
P_EW-PO,edel+white Pro-Ortho,EMQ,1,225
P_EW-PO,edel+white Pro-Ortho,SAM,1,225
P_EW-PO,edel+white Pro-Ortho,MGB,2,450
P_EW-PO,edel+white Pro-Ortho,MGB,1,225
P_EW-PO,edel+white Pro-Ortho,Shopee,1,225
P_EW-PO,edel+white Pro-Ortho,TCC,1,225
P_EW-PO,edel+white Pro-Ortho,EMB,1,213.75
P_EW-PO,edel+white Pro-Ortho,EW Official,1,225
P_EW-PO,edel+white Pro-Ortho,MGB,2,438.75
P_EW-PO,edel+white Pro-Ortho,TCC,1,225
P_EW-PO,edel+white Pro-Ortho,EMB,1,225
P_EW-PO,edel+white Pro-Ortho,RM9,2,450
P_EW-Refill-DC,edel+white Dual Clean Refill (2 pcs),EMQ,1,590
P_EW-Refill-DC,edel+white Dual Clean Refill (2 pcs),MGB,2,1180
P_EW-Refill-DC,edel+white Dual Clean Refill (2 pcs),ESV,1,590
P_EW-Refill-DC,edel+white Dual Clean Refill (2 pcs),EMB,1,590
P_EW-Refill-DC,edel+white Dual Clean Refill (2 pcs),EW Official,3,1770
P_EW-Refill-DC,edel+white Dual Clean Refill (2 pcs),LINE,2,1180
P_EW-Refill-DC,edel+white Dual Clean Refill (2 pcs),EW Official,1,590
P_EW-Refill-DC,edel+white Dual Clean Refill (2 pcs),EMB,1,590
P_EW-Refill-DC,edel+white Dual Clean Refill (2 pcs),RM9,1,590
P_EW-Refill-DC,edel+white Dual Clean Refill (2 pcs),EMQ,1,590
P_EW-Refill-DC,edel+white Dual Clean Refill (2 pcs),EMQ,2,1180
P_EW-Refill-DC,edel+white Dual Clean Refill (2 pcs),EMB,1,590
P_EW-Refill-DC,edel+white Dual Clean Refill (2 pcs),EMQ,2,1180
P_EW-Refill-DC,edel+white Dual Clean Refill (2 pcs),EW Official,1,590
P_EW-Refill-TF,edel+white Target & Focus Refill (2 pcs),EMB,1,590
P_EW-Refill-TF,edel+white Target & Focus Refill (2 pcs),Shopee,2,1180
P_EW-Refill-WH,edel+white Whitening Refill (2 pcs),EW Official,1,590
P_EW-SE,edel+white Stain Eraser,EW Official,1,275
P_EW-SE,edel+white Stain Eraser,Shopee,1,248.1203
P_EW-SE,edel+white Stain Eraser,EMB,2,550
P_EW-SE,edel+white Stain Eraser,MGB,2,550
P_EW-SE,edel+white Stain Eraser,TCC,1,275
P_EW-SE,edel+white Stain Eraser,SAM,2,522.5
P_EW-SE,edel+white Stain Eraser,TCC,2,522.5
P_EW-SE,edel+white Stain Eraser,EMQ,1,275
P_EW-SE,edel+white Stain Eraser,EW Official,3,825
P_EW-SE,edel+white Stain Eraser,Shopee,1,248.1203
P_EW-SE,edel+white Stain Eraser,EMB,2,550
P_EW-SE,edel+white Stain Eraser,LINE MyShop,1,248.1203
P_EW-SE,edel+white Stain Eraser,RM9,1,275
P_EW-SE,edel+white Stain Eraser,TCC,2,522.5
P_EW-SE,edel+white Stain Eraser,ESV,1,275
P_EW-SE,edel+white Stain Eraser,EMB,1,261.25
P_EW-SE,edel+white Stain Eraser,EMQ,1,261.25
P_EW-SE,edel+white Stain Eraser,MGB,1,275
P_EW-SE,edel+white Stain Eraser,RM9,1,275
P_EW-SE,edel+white Stain Eraser,EMQ,1,275
P_EW-SE,edel+white Stain Eraser,MGB,1,275
P_EW-SE,edel+white Stain Eraser,SAM,2,550
P_EW-SE,edel+white Stain Eraser,EW Official,1,275
P_EW-SE,edel+white Stain Eraser,SAM,1,261.25
P_EW-SE,edel+white Stain Eraser,EMQ,1,275
P_EW-SE,edel+white Stain Eraser,RM9,1,275
P_EW-SE,edel+white Stain Eraser,ESV,2,550
P_EW-SE,edel+white Stain Eraser,MGB,1,261.25
P_EW-SE,edel+white Stain Eraser,TCC,1,261.25
P_EW-SE,edel+white Stain Eraser,EMB,8,2103.75
P_EW-SE,edel+white Stain Eraser,MGB,1,275
P_EW-SE,edel+white Stain Eraser,EMB,3,797.5
P_EW-SE,edel+white Stain Eraser,EW Official,1,275
P_EW-SE,edel+white Stain Eraser,MGB,1,261.25
P_EW-SE,edel+white Stain Eraser,RM9,1,261.25
P_EW-SE,edel+white Stain Eraser,EW Official,1,275
P_EW-SE,edel+white Stain Eraser,RM9,3,783.75
P_EW-SE,edel+white Stain Eraser,TCC,1,275
P_EW-SE,edel+white Stain Eraser,EMB,3,825
P_EW-SE,edel+white Stain Eraser,Lazada,1,275
P_EW-SE,edel+white Stain Eraser,MGB,2,508.75
P_EW-SE,edel+white Stain Eraser,SAM,1,275
P_EW-SE,edel+white Stain Eraser,SAM,2,550
P_EW-SE,edel+white Stain Eraser,EMB,2,550
P_EW-SE,edel+white Stain Eraser,Shopee,1,275
P_EW-SE,edel+white Stain Eraser,EMB,2,550
P_EW-SE,edel+white Stain Eraser,ESV,3,825
P_EW-SE,edel+white Stain Eraser,MGB,6,1622.5
P_EW-SE,edel+white Stain Eraser,EW Official,1,275
P_EW-SE,edel+white Stain Eraser,LINE MyShop,2,550
P_EW-SE,edel+white Stain Eraser,SAM,1,275
P_EW-SE,edel+white Stain Eraser,EW Official,1,275
P_EW-SE,edel+white Stain Eraser,SAM,1,275
P_EW-SE,edel+white Stain Eraser,TCC,1,275
P_EW-SE,edel+white Stain Eraser,RM9,2,536.25
P_EW-SE,edel+white Stain Eraser,EMB,1,275
P_EW-SE,edel+white Stain Eraser,MGB,2,508.75
P_EW-SE,edel+white Stain Eraser,RM9,1,261.25
P_EW-SE,edel+white Stain Eraser,EMB,1,275
P_EW-SE,edel+white Stain Eraser,EW Official,1,275
P_EW-SE,edel+white Stain Eraser,TCC,3,825
P_EW-SE,edel+white Stain Eraser,EMB,1,275
P_EW-SE,edel+white Stain Eraser,TCC,1,275
P_EW-SE,edel+white Stain Eraser,EMB,5,1375
P_EW-SE,edel+white Stain Eraser,ESV,1,261.25
P_EW-SE,edel+white Stain Eraser,EW Official,2,550
P_EW-SE,edel+white Stain Eraser,MGB,1,275
P_EW-SE,edel+white Stain Eraser,TCC,2,550
P_EW-SF,edel+white SuperSoft Floss 50 strands,ESV,1,217.55
P_EW-SF,edel+white SuperSoft Floss 50 strands,EW Official,2,458
P_EW-SF,edel+white SuperSoft Floss 50 strands,MGB,1,217.55
P_EW-SF,edel+white SuperSoft Floss 50 strands,RM9,1,229
P_EW-SF,edel+white SuperSoft Floss 50 strands,Shopee,1,229
P_EW-SF,edel+white SuperSoft Floss 50 strands,TCC,1,217.55
P_EW-SF,edel+white SuperSoft Floss 50 strands,ESV,1,217.55
P_EW-SF,edel+white SuperSoft Floss 50 strands,EMB,1,217.55
P_EW-SF,edel+white SuperSoft Floss 50 strands,MGB,1,229
P_EW-SF,edel+white SuperSoft Floss 50 strands,EMB,1,206.1
P_EW-SF,edel+white SuperSoft Floss 50 strands,RM9,1,229
P_EW-SF,edel+white SuperSoft Floss 50 strands,EMB,1,229
P_EW-SF,edel+white SuperSoft Floss 50 strands,EMB,1,229
P_EW-TW75,edel+white Anti-Plaque + Whitening 75 ml.,EMB,2,780
P_EW-TW75,edel+white Anti-Plaque + Whitening 75 ml.,ESV,1,390
P_EW-TW75,edel+white Anti-Plaque + Whitening 75 ml.,LINE,1,390
P_EW-TW75,edel+white Anti-Plaque + Whitening 75 ml.,Lazada,1,390
P_EW-TW75,edel+white Anti-Plaque + Whitening 75 ml.,RM9,1,390
P_EW-TW75,edel+white Anti-Plaque + Whitening 75 ml.,Shopee,1,351.8797
P_EW-TW75,edel+white Anti-Plaque + Whitening 75 ml.,EMB,6,2340
P_EW-TW75,edel+white Anti-Plaque + Whitening 75 ml.,LINE,1,390
P_EW-TW75,edel+white Anti-Plaque + Whitening 75 ml.,SAM,1,370.5
P_EW-TW75,edel+white Anti-Plaque + Whitening 75 ml.,EW Official,7,2730
P_EW-TW75,edel+white Anti-Plaque + Whitening 75 ml.,Shopee,2,725.8797
P_EW-TW75,edel+white Anti-Plaque + Whitening 75 ml.,EMB,2,780
P_EW-TW75,edel+white Anti-Plaque + Whitening 75 ml.,LINE MyShop,2,741.8797
P_EW-TW75,edel+white Anti-Plaque + Whitening 75 ml.,Shopee,2,748
P_EW-TW75,edel+white Anti-Plaque + Whitening 75 ml.,EMB,2,780
P_EW-TW75,edel+white Anti-Plaque + Whitening 75 ml.,EMQ,1,390
P_EW-TW75,edel+white Anti-Plaque + Whitening 75 ml.,EW Official,1,390
P_EW-TW75,edel+white Anti-Plaque + Whitening 75 ml.,RM9,1,370.5
P_EW-TW75,edel+white Anti-Plaque + Whitening 75 ml.,EMB,2,741
P_EW-TW75,edel+white Anti-Plaque + Whitening 75 ml.,ESV,1,390
P_EW-TW75,edel+white Anti-Plaque + Whitening 75 ml.,EMQ,1,370.5
P_EW-TW75,edel+white Anti-Plaque + Whitening 75 ml.,MGB,1,370.5
P_EW-TW75,edel+white Anti-Plaque + Whitening 75 ml.,Shopee,1,378
P_EW-TW75,edel+white Anti-Plaque + Whitening 75 ml.,EMB,2,780
P_EW-TW75,edel+white Anti-Plaque + Whitening 75 ml.,EMQ,1,370.5
P_EW-TW75,edel+white Anti-Plaque + Whitening 75 ml.,ESV,1,390
P_EW-TW75,edel+white Anti-Plaque + Whitening 75 ml.,LINE,1,390
P_EW-TW75,edel+white Anti-Plaque + Whitening 75 ml.,SAM,1,390
P_EW-TW75,edel+white Anti-Plaque + Whitening 75 ml.,RM9,1,390
P_EW-TW75,edel+white Anti-Plaque + Whitening 75 ml.,EMB,4,1521
P_EW-TW75,edel+white Anti-Plaque + Whitening 75 ml.,ESV,1,370.5
P_EW-TW75,edel+white Anti-Plaque + Whitening 75 ml.,MGB,1,390
P_EW-TW75,edel+white Anti-Plaque + Whitening 75 ml.,SAM,1,390
P_EW-TW75,edel+white Anti-Plaque + Whitening 75 ml.,Shopee,1,390
P_EW-TW75,edel+white Anti-Plaque + Whitening 75 ml.,EMB,1,390
P_EW-TW75,edel+white Anti-Plaque + Whitening 75 ml.,ESV,1,390
P_EW-TW75,edel+white Anti-Plaque + Whitening 75 ml.,EW Official,2,780
P_EW-TW75,edel+white Anti-Plaque + Whitening 75 ml.,Lazada,2,780
P_EW-TW75,edel+white Anti-Plaque + Whitening 75 ml.,MGB,1,370.5
P_EW-TW75,edel+white Anti-Plaque + Whitening 75 ml.,EMB,5,1872
P_EW-TW75,edel+white Anti-Plaque + Whitening 75 ml.,EMQ,1,370.5
P_EW-TW75,edel+white Anti-Plaque + Whitening 75 ml.,ESV,1,370.5
P_EW-TW75,edel+white Anti-Plaque + Whitening 75 ml.,TCC,1,390
P_EW-TW75,edel+white Anti-Plaque + Whitening 75 ml.,EMB,3,1170
P_EW-TW75,edel+white Anti-Plaque + Whitening 75 ml.,EMQ,1,370.5
P_EW-TW75,edel+white Anti-Plaque + Whitening 75 ml.,TCC,1,390
P_EW-TW75,edel+white Anti-Plaque + Whitening 75 ml.,EMB,2,780
P_EW-TW75,edel+white Anti-Plaque + Whitening 75 ml.,EW Official,2,780
P_EW-TW75,edel+white Anti-Plaque + Whitening 75 ml.,EMB,2,780
P_EW-TW75,edel+white Anti-Plaque + Whitening 75 ml.,EMB,4,1482
P_EW-TW75,edel+white Anti-Plaque + Whitening 75 ml.,ESV,1,370.5
P_EW-TW75,edel+white Anti-Plaque + Whitening 75 ml.,LINE,1,390
P_EW-TW75,edel+white Anti-Plaque + Whitening 75 ml.,Lazada,1,390
P_EW-TW75,edel+white Anti-Plaque + Whitening 75 ml.,Shopee,2,760
P_EW-TW75,edel+white Anti-Plaque + Whitening 75 ml.,EMB,2,721.5
P_EW-TW75,edel+white Anti-Plaque + Whitening 75 ml.,LINE,2,760.5
P_EW-TW75,edel+white Anti-Plaque + Whitening 75 ml.,Lazada,1,390
P_EW-TW75,edel+white Anti-Plaque + Whitening 75 ml.,SAM,1,390
P_EW-TW75,edel+white Anti-Plaque + Whitening 75 ml.,EMB,7,2730
P_EW-TW75,edel+white Anti-Plaque + Whitening 75 ml.,ESV,1,370.5
P_EW-TW75,edel+white Anti-Plaque + Whitening 75 ml.,SAM,1,390
P_EW-TW75,edel+white Anti-Plaque + Whitening 75 ml.,Shopee,3,1170
P_EW-TW75,edel+white Anti-Plaque + Whitening 75 ml.,TCC,1,390
P_EW-TW75,edel+white Anti-Plaque + Whitening 75 ml.,EMB,4,1560
P_EW-TW75,edel+white Anti-Plaque + Whitening 75 ml.,MGB,1,370.5
P_EW-TW75,edel+white Anti-Plaque + Whitening 75 ml.,TCC,2,760.5
P_EW-TW75,edel+white Anti-Plaque + Whitening 75 ml.,EMB,3,1131
P_EW-TW75,edel+white Anti-Plaque + Whitening 75 ml.,LINE,1,390
P_EW-TW75,edel+white Anti-Plaque + Whitening 75 ml.,MGB,1,370.5
P_EW-TW75,edel+white Anti-Plaque + Whitening 75 ml.,Shopee,1,390
P_EW-TW75,edel+white Anti-Plaque + Whitening 75 ml.,TikTok,1,380
P_EW-TW75,edel+white Anti-Plaque + Whitening 75 ml.,EMB,1,390
P_EW-TW75,edel+white Anti-Plaque + Whitening 75 ml.,MGB,1,370.5
P_EW-TW75,edel+white Anti-Plaque + Whitening 75 ml.,TCC,2,760.5
P_EW-TW75,edel+white Anti-Plaque + Whitening 75 ml.,EMB,1,390
P_EW-TW75,edel+white Anti-Plaque + Whitening 75 ml.,EMQ,1,390
P_EW-TW75,edel+white Anti-Plaque + Whitening 75 ml.,RM9,1,390
P_EW-TW75,edel+white Anti-Plaque + Whitening 75 ml.,SAM,2,780
P_EW-TW75,edel+white Anti-Plaque + Whitening 75 ml.,EMB,1,390
P_EW-TW75,edel+white Anti-Plaque + Whitening 75 ml.,ESV,1,390
P_EW-TW75,edel+white Anti-Plaque + Whitening 75 ml.,RM9,3,1131
P_EW-TW75,edel+white Anti-Plaque + Whitening 75 ml.,TCC,1,390
P_EW-TW75,edel+white Anti-Plaque + Whitening 75 ml.,EMB,2,780
P_EW-TW75,edel+white Anti-Plaque + Whitening 75 ml.,ESV,1,370.5
P_EW-TW75,edel+white Anti-Plaque + Whitening 75 ml.,Lazada,3,1170
P_EW-TW75,edel+white Anti-Plaque + Whitening 75 ml.,Shopee,1,390
P_EW-TW75,edel+white Anti-Plaque + Whitening 75 ml.,EMB,4,1521
P_EW-TW75,edel+white Anti-Plaque + Whitening 75 ml.,EMQ,2,741
P_EW-TW75,edel+white Anti-Plaque + Whitening 75 ml.,ESV,1,351
P_EW-TW75,edel+white Anti-Plaque + Whitening 75 ml.,MGB,1,390
P_EW-TW75,edel+white Anti-Plaque + Whitening 75 ml.,TCC,1,390
P_EW-TW75,edel+white Anti-Plaque + Whitening 75 ml.,EMQ,1,390
P_EW-TW75,edel+white Anti-Plaque + Whitening 75 ml.,EW Official,1,390
P_EW-TW75,edel+white Anti-Plaque + Whitening 75 ml.,SAM,1,390
P_EW-TW75,edel+white Anti-Plaque + Whitening 75 ml.,EMB,1,390
P_EW-TW75,edel+white Anti-Plaque + Whitening 75 ml.,LINE,2,780
P_EW-TW75,edel+white Anti-Plaque + Whitening 75 ml.,RM9,1,390
P_EW-TW75,edel+white Anti-Plaque + Whitening 75 ml.,Shopee,1,390
P_EW-TW75,edel+white Anti-Plaque + Whitening 75 ml.,EMB,1,390
P_EW-TW75,edel+white Anti-Plaque + Whitening 75 ml.,EW Official,1,390
P_EW-TW75,edel+white Anti-Plaque + Whitening 75 ml.,MGB,1,370.5
P_EW-TW75,edel+white Anti-Plaque + Whitening 75 ml.,RM9,1,370.5
P_EW-TW75,edel+white Anti-Plaque + Whitening 75 ml.,MGB,1,370.5
P_EW-US,edel+white UltraSoft Flosserbrush,EMB,6,1309
P_EW-US,edel+white UltraSoft Flosserbrush,EMQ,8,1705
P_EW-US,edel+white UltraSoft Flosserbrush,ESV,4,836
P_EW-US,edel+white UltraSoft Flosserbrush,EW Official,3,660
P_EW-US,edel+white UltraSoft Flosserbrush,LINE,2,220
P_EW-US,edel+white UltraSoft Flosserbrush,LINE MyShop,2,440
P_EW-US,edel+white UltraSoft Flosserbrush,Lazada,1,220
P_EW-US,edel+white UltraSoft Flosserbrush,MGB,1,0
P_EW-US,edel+white UltraSoft Flosserbrush,Shopee,2,426
P_EW-US,edel+white UltraSoft Flosserbrush,TCC,8,869
P_EW-US,edel+white UltraSoft Flosserbrush,EMB,13,2860
P_EW-US,edel+white UltraSoft Flosserbrush,EW Official,1,220
P_EW-US,edel+white UltraSoft Flosserbrush,MGB,2,440
P_EW-US,edel+white UltraSoft Flosserbrush,RM9,2,440
P_EW-US,edel+white UltraSoft Flosserbrush,SAM,5,1078
P_EW-US,edel+white UltraSoft Flosserbrush,TCC,2,220
P_EW-US,edel+white UltraSoft Flosserbrush,EMB,1,220
P_EW-US,edel+white UltraSoft Flosserbrush,EMQ,1,220
P_EW-US,edel+white UltraSoft Flosserbrush,EW Official,2,440
P_EW-US,edel+white UltraSoft Flosserbrush,Lazada,1,220
P_EW-US,edel+white UltraSoft Flosserbrush,MGB,2,220
P_EW-US,edel+white UltraSoft Flosserbrush,SAM,1,209
P_EW-US,edel+white UltraSoft Flosserbrush,EMB,3,638
P_EW-US,edel+white UltraSoft Flosserbrush,EW Official,3,660
P_EW-US,edel+white UltraSoft Flosserbrush,MGB,1,220
P_EW-US,edel+white UltraSoft Flosserbrush,RM9,1,220
P_EW-US,edel+white UltraSoft Flosserbrush,SAM,2,429
P_EW-US,edel+white UltraSoft Flosserbrush,Shopee,5,1046.71
P_EW-US,edel+white UltraSoft Flosserbrush,TCC,1,209
P_EW-US,edel+white UltraSoft Flosserbrush,EMB,11,1947
P_EW-US,edel+white UltraSoft Flosserbrush,EMQ,2,209
P_EW-US,edel+white UltraSoft Flosserbrush,ESV,3,440
P_EW-US,edel+white UltraSoft Flosserbrush,EW Official,2,440
P_EW-US,edel+white UltraSoft Flosserbrush,LINE MyShop,1,220
P_EW-US,edel+white UltraSoft Flosserbrush,Lazada,1,220
P_EW-US,edel+white UltraSoft Flosserbrush,MGB,1,209
P_EW-US,edel+white UltraSoft Flosserbrush,RM9,1,220
P_EW-US,edel+white UltraSoft Flosserbrush,TCC,2,418
P_EW-US,edel+white UltraSoft Flosserbrush,EMB,4,880
P_EW-US,edel+white UltraSoft Flosserbrush,EMQ,9,1903
P_EW-US,edel+white UltraSoft Flosserbrush,MGB,8,1694
P_EW-US,edel+white UltraSoft Flosserbrush,SAM,2,440
P_EW-US,edel+white UltraSoft Flosserbrush,TCC,4,440
P_EW-US,edel+white UltraSoft Flosserbrush,EMB,6,1298
P_EW-US,edel+white UltraSoft Flosserbrush,EMQ,2,440
P_EW-US,edel+white UltraSoft Flosserbrush,ESV,3,627
P_EW-US,edel+white UltraSoft Flosserbrush,MGB,4,880
P_EW-US,edel+white UltraSoft Flosserbrush,RM9,1,209
P_EW-US,edel+white UltraSoft Flosserbrush,SAM,2,418
P_EW-US,edel+white UltraSoft Flosserbrush,TCC,3,220
P_EW-US,edel+white UltraSoft Flosserbrush,EMB,4,880
P_EW-US,edel+white UltraSoft Flosserbrush,EMQ,2,429
P_EW-US,edel+white UltraSoft Flosserbrush,ESV,3,660
P_EW-US,edel+white UltraSoft Flosserbrush,EW Official,2,440
P_EW-US,edel+white UltraSoft Flosserbrush,LINE,2,440
P_EW-US,edel+white UltraSoft Flosserbrush,Lazada,5,1100
P_EW-US,edel+white UltraSoft Flosserbrush,MGB,10,220
P_EW-US,edel+white UltraSoft Flosserbrush,Shopee,1,220
P_EW-US,edel+white UltraSoft Flosserbrush,TCC,1,220
P_EW-US,edel+white UltraSoft Flosserbrush,EMB,11,2376
P_EW-US,edel+white UltraSoft Flosserbrush,EMQ,3,220
P_EW-US,edel+white UltraSoft Flosserbrush,ESV,2,0
P_EW-US,edel+white UltraSoft Flosserbrush,EW Official,1,220
P_EW-US,edel+white UltraSoft Flosserbrush,MGB,6,1298
P_EW-US,edel+white UltraSoft Flosserbrush,SAM,4,880
P_EW-US,edel+white UltraSoft Flosserbrush,TCC,2,440
P_EW-US,edel+white UltraSoft Flosserbrush,EMB,2,440
P_EW-US,edel+white UltraSoft Flosserbrush,MGB,3,440
P_EW-US,edel+white UltraSoft Flosserbrush,RM9,2,418
P_EW-US,edel+white UltraSoft Flosserbrush,Shopee,2,426
P_EW-US,edel+white UltraSoft Flosserbrush,TCC,3,209
P_EW-US,edel+white UltraSoft Flosserbrush,EMQ,1,220
P_EW-US,edel+white UltraSoft Flosserbrush,ESV,6,1320
P_EW-US,edel+white UltraSoft Flosserbrush,EW Official,1,220
P_EW-US,edel+white UltraSoft Flosserbrush,MGB,2,440
P_EW-US,edel+white UltraSoft Flosserbrush,SAM,2,429
P_EW-US,edel+white UltraSoft Flosserbrush,Shopee,2,422.71
P_EW-US,edel+white UltraSoft Flosserbrush,TCC,1,0
P_EW-US,edel+white UltraSoft Flosserbrush,EMB,6,1287
P_EW-US,edel+white UltraSoft Flosserbrush,EMQ,23,4840
P_EW-US,edel+white UltraSoft Flosserbrush,ESV,2,440
P_EW-US,edel+white UltraSoft Flosserbrush,TCC,2,220
P_EW-US,edel+white UltraSoft Flosserbrush,EMB,3,627
P_EW-US,edel+white UltraSoft Flosserbrush,EMQ,3,209
P_EW-US,edel+white UltraSoft Flosserbrush,MGB,2,440
P_EW-US,edel+white UltraSoft Flosserbrush,TCC,1,0
P_EW-US,edel+white UltraSoft Flosserbrush,EMB,4,880
P_EW-US,edel+white UltraSoft Flosserbrush,EMQ,2,220
P_EW-US,edel+white UltraSoft Flosserbrush,ESV,1,220
P_EW-US,edel+white UltraSoft Flosserbrush,MGB,2,429
P_EW-US,edel+white UltraSoft Flosserbrush,SAM,1,220
P_EW-US,edel+white UltraSoft Flosserbrush,TCC,2,209
P_EW-US,edel+white UltraSoft Flosserbrush,EMB,3,429
P_EW-US,edel+white UltraSoft Flosserbrush,ESV,4,0
P_EW-US,edel+white UltraSoft Flosserbrush,EW Official,3,660
P_EW-US,edel+white UltraSoft Flosserbrush,MGB,4,858
P_EW-US,edel+white UltraSoft Flosserbrush,RM9,5,1056
P_EW-US,edel+white UltraSoft Flosserbrush,SAM,2,440
P_EW-US,edel+white UltraSoft Flosserbrush,TCC,2,209
P_EW-US,edel+white UltraSoft Flosserbrush,EMB,1,220
P_EW-US,edel+white UltraSoft Flosserbrush,EW Official,1,220
P_EW-US,edel+white UltraSoft Flosserbrush,TCC,2,418
P_EW-US,edel+white UltraSoft Flosserbrush,ESV,2,440
P_EW-US,edel+white UltraSoft Flosserbrush,LINE,4,880
P_EW-US,edel+white UltraSoft Flosserbrush,MGB,1,209
P_EW-US,edel+white UltraSoft Flosserbrush,RM9,1,220
P_EW-US,edel+white UltraSoft Flosserbrush,SAM,3,638
P_EW-US,edel+white UltraSoft Flosserbrush,Shopee,2,405.4201
P_EW-US,edel+white UltraSoft Flosserbrush,LINE,2,440
P_EW-US,edel+white UltraSoft Flosserbrush,LINE MyShop,1,220
P_EW-US,edel+white UltraSoft Flosserbrush,MGB,5,220
P_EW-US,edel+white UltraSoft Flosserbrush,TCC,1,220
P_EW-US,edel+white UltraSoft Flosserbrush,EMQ,3,440
P_EW-US,edel+white UltraSoft Flosserbrush,ESV,5,660
P_EW-US,edel+white UltraSoft Flosserbrush,MGB,1,209
P_EW-US,edel+white UltraSoft Flosserbrush,TCC,2,429
P_EW-US,edel+white UltraSoft Flosserbrush,ESV,1,220
P_EW-US,edel+white UltraSoft Flosserbrush,MGB,1,209
P_EW-US,edel+white UltraSoft Flosserbrush,SAM,1,220
P_EW-US,edel+white UltraSoft Flosserbrush,EMQ,1,220
P_EW-US,edel+white UltraSoft Flosserbrush,ESV,1,220
P_EW-US,edel+white UltraSoft Flosserbrush,LINE,3,660
P_EW-US,edel+white UltraSoft Flosserbrush,SAM,1,0
P_EW-US,edel+white UltraSoft Flosserbrush,Shopee,3,642.71
P_EW-US,edel+white UltraSoft Flosserbrush,EW Official,1,220
P_EW-US,edel+white UltraSoft Flosserbrush,Lazada,1,202.71
P_EW-US,edel+white UltraSoft Flosserbrush,RM9,2,418
P_EW-US,edel+white UltraSoft Flosserbrush,SAM,1,220
P_EW-US,edel+white UltraSoft Flosserbrush,Shopee,1,220
P_EW-US,edel+white UltraSoft Flosserbrush,TCC,1,220
P_EW-US,edel+white UltraSoft Flosserbrush,ESV,4,649
P_EW-US,edel+white UltraSoft Flosserbrush,ESV,1,209
P_EW-US,edel+white UltraSoft Flosserbrush,RM9,1,220
P_EW-US,edel+white UltraSoft Flosserbrush,ESV,3,660
P_EW-US,edel+white UltraSoft Flosserbrush,RM9,1,220
P_EW-US,edel+white UltraSoft Flosserbrush,Shopee,2,440
P_EW-US,edel+white UltraSoft Flosserbrush,TCC,2,440
P_EW-US,edel+white UltraSoft Flosserbrush,ESV,6,627
P_EW-US,edel+white UltraSoft Flosserbrush,EW Official,1,220
P_EW-US,edel+white UltraSoft Flosserbrush,TCC,2,220
P_EW-US,edel+white UltraSoft Flosserbrush,ESV,4,869
P_EW-US,edel+white UltraSoft Flosserbrush,RM9,1,209
P_EW-US,edel+white UltraSoft Flosserbrush,LINE,2,440
P_EW-US,edel+white UltraSoft Flosserbrush,RM9,2,440
P_EW-US,edel+white UltraSoft Flosserbrush,Shopee,5,1048.13
P_EW-US,edel+white UltraSoft Flosserbrush,TCC,1,0
P_EW-US,edel+white UltraSoft Flosserbrush,RM9,1,209
P_EW-US,edel+white UltraSoft Flosserbrush,RM9,1,220
P_EW-US,edel+white UltraSoft Flosserbrush,Shopee,1,220
P_EW-US-P3,edel+white UltraSoft Flosserbrush (Pack 3),Shopee,1,620
P_EW-US-P3,edel+white UltraSoft Flosserbrush (Pack 3),SAM,1,620
P_EW-US-P3,edel+white UltraSoft Flosserbrush (Pack 3),EW Official,2,1240
P_EW-US-P3,edel+white UltraSoft Flosserbrush (Pack 3),EW Official,3,1860
P_EW-US-P3,edel+white UltraSoft Flosserbrush (Pack 3),Shopee,1,620
P_EW-US-P3,edel+white UltraSoft Flosserbrush (Pack 3),Shopee,1,620
P_EW-US-P3,edel+white UltraSoft Flosserbrush (Pack 3),EW Official,1,620
P_EW-US-P3,edel+white UltraSoft Flosserbrush (Pack 3),ESV,1,620
P_EW-US-P3,edel+white UltraSoft Flosserbrush (Pack 3),EW Official,1,620
P_EW-US-P3,edel+white UltraSoft Flosserbrush (Pack 3),EW Official,2,1240
P_EW-US-P3,edel+white UltraSoft Flosserbrush (Pack 3),EW Official,1,620
P_EW-US-P3,edel+white UltraSoft Flosserbrush (Pack 3),Shopee,1,620
P_EW-US-P3,edel+white UltraSoft Flosserbrush (Pack 3),EMB,3,1860
P_EW-US-P3,edel+white UltraSoft Flosserbrush (Pack 3),EW Official,2,1240
P_EW-US-P3,edel+white UltraSoft Flosserbrush (Pack 3),EW Official,1,620
P_EW-US-P3,edel+white UltraSoft Flosserbrush (Pack 3),EW Official,1,620
P_EW-US-P3,edel+white UltraSoft Flosserbrush (Pack 3),TCC,1,620
P_EW-US-P3,edel+white UltraSoft Flosserbrush (Pack 3),EW Official,1,620
P_EW-US-P3,edel+white UltraSoft Flosserbrush (Pack 3),TCC,2,1240
P_F_EW_CRF12,edel+white Care Forte 12 ml.,LINE,2,130
P_F_EW_CRF12,edel+white Care Forte 12 ml.,LINE,4,0
P_F_EW_CRF12,edel+white Care Forte 12 ml.,LINE MyShop,4,260
P_F_EW_CRF12,edel+white Care Forte 12 ml.,LINE,4,0
P_F_EW_CRF12,edel+white Care Forte 12 ml.,LINE,3,0
P_F_EW_CRF12,edel+white Care Forte 12 ml.,LINE,2,0
P_F_EW_CRF12,edel+white Care Forte 12 ml.,LINE,3,0
P_F_EW_CRF12,edel+white Care Forte 12 ml.,EW Official,1,100
P_F_EW_CRF12,edel+white Care Forte 12 ml.,LINE,5,0
P_F_EW_CRF12,edel+white Care Forte 12 ml.,LINE,6,0
P_F_EW_CRF12,edel+white Care Forte 12 ml.,EW Official,1,100